UNINTEGRATED	ARGININE-SYN4-PWY	2	0.5	0.002028978829610617
UNINTEGRATED	DTDPRHAMSYN-PWY	2	0.5	0.0028446760862380627
UNINTEGRATED	PWY-3841	2	0.5	0.0022372305004833004
ARGININE-SYN4-PWY	DTDPRHAMSYN-PWY	2	1.0	0.8324328593908965
