UNINTEGRATED	DTDPRHAMSYN-PWY	1	1.0	0.005435367698650495
UNINTEGRATED	PWY-7111	1	1.0	0.002242624958839423
UNINTEGRATED	PWY-7237	1	1.0	0.0038416082114062222
UNINTEGRATED	VALSYN-PWY	1	1.0	0.003578784224983589
DTDPRHAMSYN-PWY	PWY-7111	1	1.0	0.5835083851517902
DTDPRHAMSYN-PWY	PWY-7237	1	1.0	0.8278151395598045
DTDPRHAMSYN-PWY	VALSYN-PWY	1	1.0	0.7935913936965727
PWY-7111	PWY-7237	1	1.0	0.7368196481162587
PWY-7111	VALSYN-PWY	1	1.0	0.7701580655869404
PWY-7237	VALSYN-PWY	1	1.0	0.964515105476002
